user_id,gender,age_group,country,register_date
U0001,Other,25-34,Germany,2023-09-18
U0002,Male,25-34,Germany,2023-08-14
U0003,Other,35-44,Japan,2023-05-04
U0004,Other,25-34,Japan,2023-02-07
U0005,Male,18-24,USA,2023-11-24
U0006,Male,55+,India,2023-09-08
U0007,Other,55+,Thailand,2023-06-25
U0008,Female,45-54,Germany,2023-03-31
U0009,Other,25-34,USA,2023-02-06
U0010,Other,18-24,Thailand,2023-11-12
U0011,Other,45-54,USA,2023-06-25
U0012,Other,35-44,Japan,2023-10-11
U0013,Male,45-54,Germany,2023-03-22
U0014,Other,45-54,Thailand,2023-04-24
U0015,Female,25-34,Thailand,2023-02-09
U0016,Male,35-44,Thailand,2023-10-28
U0017,Female,45-54,Thailand,2023-08-12
U0018,Female,18-24,Thailand,2023-11-14
U0019,Female,18-24,USA,2023-12-15
U0020,Female,55+,Germany,2023-04-25
U0021,Male,35-44,Japan,2023-07-05
U0022,Male,35-44,Japan,2023-11-19
U0023,Female,55+,Japan,2023-02-25
U0024,Female,45-54,Japan,2023-02-09
U0025,Male,35-44,USA,2023-12-20
U0026,Male,18-24,India,2023-02-09
U0027,Male,18-24,Germany,2023-12-13
U0028,Other,25-34,Thailand,2023-08-25
U0029,Other,35-44,India,2023-10-16
U0030,Other,45-54,Japan,2023-09-19
U0031,Female,55+,India,2023-08-04
U0032,Other,55+,Germany,2023-05-27
U0033,Female,45-54,Thailand,2023-12-02
U0034,Female,25-34,Thailand,2023-06-17
U0035,Other,55+,Germany,2023-04-02
U0036,Female,35-44,Germany,2023-12-19
U0037,Other,25-34,Japan,2023-02-28
U0038,Other,35-44,Thailand,2023-02-28
U0039,Male,18-24,India,2023-10-31
U0040,Other,25-34,USA,2023-06-18
U0041,Male,55+,USA,2023-09-26
U0042,Other,25-34,Germany,2023-12-29
U0043,Other,25-34,Japan,2023-02-14
U0044,Male,25-34,USA,2023-12-11
U0045,Male,25-34,Thailand,2023-06-30
U0046,Other,35-44,Germany,2023-06-19
U0047,Female,18-24,India,2023-12-22
U0048,Male,45-54,Germany,2023-07-10
U0049,Female,25-34,India,2023-06-04
U0050,Female,55+,Germany,2023-07-07
U0051,Female,25-34,Germany,2023-01-07
U0052,Male,55+,Germany,2023-05-13
U0053,Female,35-44,India,2023-08-23
U0054,Male,55+,India,2023-02-14
U0055,Female,45-54,Germany,2023-11-10
U0056,Other,18-24,USA,2023-09-06
U0057,Other,55+,Japan,2023-01-31
U0058,Male,55+,Japan,2023-01-23
U0059,Other,18-24,Japan,2023-06-09
U0060,Other,45-54,India,2023-12-29
U0061,Female,25-34,India,2023-06-07
U0062,Male,55+,USA,2023-02-08
U0063,Female,18-24,Japan,2023-03-23
U0064,Female,35-44,Japan,2023-12-22
U0065,Female,18-24,Germany,2023-09-15
U0066,Female,35-44,India,2023-07-25
U0067,Female,45-54,Japan,2023-03-18
U0068,Female,25-34,USA,2023-01-12
U0069,Female,18-24,USA,2023-10-22
U0070,Male,55+,Japan,2023-08-12
U0071,Other,45-54,India,2023-01-13
U0072,Female,18-24,USA,2023-02-15
U0073,Female,55+,Germany,2023-06-04
U0074,Female,18-24,USA,2023-04-23
U0075,Female,35-44,Thailand,2023-08-21
U0076,Female,18-24,Thailand,2023-01-17
U0077,Female,18-24,India,2023-12-26
U0078,Other,18-24,Japan,2023-08-11
U0079,Other,45-54,India,2023-12-20
U0080,Female,18-24,India,2023-07-07
U0081,Other,55+,India,2023-12-10
U0082,Male,35-44,India,2023-12-31
U0083,Female,35-44,Germany,2023-06-12
U0084,Male,18-24,Germany,2023-11-22
U0085,Male,45-54,USA,2023-03-15
U0086,Female,45-54,Thailand,2023-08-21
U0087,Other,55+,India,2023-08-12
U0088,Male,18-24,USA,2023-11-15
U0089,Female,35-44,Thailand,2023-03-01
U0090,Male,45-54,Japan,2023-12-01
U0091,Male,18-24,Germany,2023-08-10
U0092,Male,45-54,Thailand,2023-02-06
U0093,Male,45-54,Japan,2023-10-05
U0094,Other,35-44,Thailand,2023-07-15
U0095,Male,25-34,Germany,2023-12-18
U0096,Male,55+,Germany,2023-08-30
U0097,Male,55+,USA,2023-11-20
U0098,Other,35-44,India,2023-08-07
U0099,Male,45-54,Thailand,2023-07-11
U0100,Male,18-24,Thailand,2023-01-17
U0101,Other,45-54,Japan,2023-01-12
U0102,Other,35-44,Germany,2023-07-12
U0103,Other,55+,Thailand,2023-01-22
U0104,Male,45-54,Germany,2023-04-30
U0105,Other,55+,Thailand,2023-07-29
U0106,Other,18-24,USA,2023-11-02
U0107,Male,55+,India,2023-09-27
U0108,Other,55+,Thailand,2023-07-11
U0109,Male,25-34,Germany,2023-06-24
U0110,Female,25-34,USA,2023-10-12
U0111,Other,25-34,Thailand,2023-07-23
U0112,Female,55+,Japan,2023-06-13
U0113,Male,35-44,India,2023-09-08
U0114,Other,55+,Thailand,2023-08-15
U0115,Male,35-44,USA,2023-01-07
U0116,Female,35-44,Japan,2023-01-29
U0117,Male,25-34,USA,2023-02-02
U0118,Other,45-54,USA,2023-05-14
U0119,Other,18-24,Japan,2023-03-20
U0120,Female,25-34,USA,2023-02-27
U0121,Male,25-34,Japan,2023-01-26
U0122,Other,45-54,Thailand,2023-08-14
U0123,Female,18-24,Japan,2023-10-12
U0124,Other,55+,Japan,2023-01-04
U0125,Other,55+,India,2023-04-09
U0126,Male,25-34,Japan,2023-02-08
U0127,Other,18-24,Japan,2023-09-28
U0128,Male,25-34,Thailand,2023-10-12
U0129,Other,35-44,India,2023-06-06
U0130,Female,25-34,Germany,2023-03-16
U0131,Other,25-34,Thailand,2023-10-15
U0132,Male,55+,Thailand,2023-05-10
U0133,Male,55+,Germany,2023-06-24
U0134,Female,55+,Japan,2023-03-25
U0135,Other,35-44,USA,2023-01-22
U0136,Other,55+,India,2023-01-27
U0137,Female,18-24,USA,2023-07-14
U0138,Other,45-54,Germany,2023-12-03
U0139,Other,18-24,Thailand,2023-08-24
U0140,Male,18-24,Thailand,2023-04-02
U0141,Other,55+,India,2023-01-21
U0142,Other,45-54,Thailand,2023-10-30
U0143,Female,45-54,Thailand,2023-12-23
U0144,Female,45-54,India,2023-03-25
U0145,Male,35-44,India,2023-09-19
U0146,Other,55+,Germany,2023-05-27
U0147,Other,45-54,Thailand,2023-09-14
U0148,Other,35-44,Thailand,2023-02-27
U0149,Male,25-34,Germany,2023-01-15
U0150,Male,25-34,Japan,2023-06-11
U0151,Female,35-44,Japan,2023-06-12
U0152,Male,35-44,Japan,2023-11-16
U0153,Other,55+,Germany,2023-10-08
U0154,Other,55+,Thailand,2023-10-07
U0155,Male,25-34,Germany,2023-01-12
U0156,Other,45-54,Germany,2023-10-01
U0157,Other,25-34,Japan,2023-09-28
U0158,Male,45-54,USA,2023-07-27
U0159,Male,45-54,Thailand,2023-01-27
U0160,Other,55+,Japan,2023-03-13
U0161,Other,18-24,USA,2023-03-01
U0162,Other,18-24,USA,2023-05-25
U0163,Female,35-44,India,2023-04-03
U0164,Female,55+,Thailand,2023-11-05
U0165,Female,45-54,USA,2023-01-08
U0166,Male,18-24,Japan,2023-03-20
U0167,Female,45-54,India,2023-01-27
U0168,Male,18-24,Thailand,2023-06-23
U0169,Male,18-24,Germany,2023-02-19
U0170,Female,18-24,Japan,2023-07-18
U0171,Female,55+,USA,2023-12-15
U0172,Female,25-34,USA,2023-06-30
U0173,Other,45-54,Japan,2023-01-24
U0174,Female,55+,USA,2023-11-12
U0175,Other,55+,India,2023-02-15
U0176,Male,55+,Thailand,2023-01-15
U0177,Other,55+,India,2023-06-02
U0178,Female,55+,USA,2023-08-10
U0179,Male,35-44,Germany,2023-07-25
U0180,Male,45-54,Thailand,2023-09-30
U0181,Male,55+,Thailand,2023-08-24
U0182,Other,45-54,Japan,2023-12-06
U0183,Female,35-44,Japan,2023-08-16
U0184,Male,35-44,Germany,2023-01-09
U0185,Male,45-54,Thailand,2023-06-15
U0186,Male,18-24,Germany,2023-11-15
U0187,Other,25-34,Japan,2023-08-02
U0188,Other,18-24,Japan,2023-04-27
U0189,Female,18-24,Thailand,2023-12-10
U0190,Other,18-24,India,2023-03-13
U0191,Male,55+,USA,2023-03-05
U0192,Female,35-44,Japan,2023-07-24
U0193,Male,18-24,Japan,2023-07-28
U0194,Male,35-44,India,2023-03-13
U0195,Other,45-54,India,2023-10-04
U0196,Female,25-34,Germany,2023-10-01
U0197,Other,45-54,Germany,2023-11-16
U0198,Other,45-54,USA,2023-12-04
U0199,Female,55+,USA,2023-04-05
U0200,Male,25-34,Thailand,2023-06-15
U0201,Male,45-54,Germany,2023-02-01
U0202,Female,45-54,Japan,2023-01-11
U0203,Male,25-34,Germany,2023-10-28
U0204,Female,25-34,Japan,2023-08-05
U0205,Female,45-54,India,2023-10-16
U0206,Other,25-34,Germany,2023-04-12
U0207,Female,45-54,India,2023-09-24
U0208,Other,45-54,USA,2023-08-02
U0209,Male,55+,USA,2023-06-28
U0210,Male,18-24,Thailand,2023-03-29
U0211,Male,45-54,Germany,2023-02-10
U0212,Male,35-44,India,2023-03-17
U0213,Other,18-24,Japan,2023-02-15
U0214,Male,18-24,USA,2023-06-09
U0215,Female,18-24,USA,2023-03-21
U0216,Female,55+,Japan,2023-11-06
U0217,Female,45-54,India,2023-03-27
U0218,Other,55+,India,2023-04-02
U0219,Male,45-54,Germany,2023-05-28
U0220,Male,55+,Germany,2023-06-10
U0221,Male,55+,Thailand,2023-07-21
U0222,Other,35-44,USA,2023-08-30
U0223,Female,55+,Germany,2023-12-19
U0224,Female,25-34,India,2023-01-02
U0225,Male,35-44,Japan,2023-08-13
U0226,Female,55+,India,2023-10-16
U0227,Female,18-24,USA,2023-08-21
U0228,Other,25-34,India,2023-03-18
U0229,Other,25-34,Thailand,2023-04-26
U0230,Other,25-34,USA,2023-06-03
U0231,Other,35-44,Japan,2023-04-13
U0232,Male,55+,Thailand,2023-07-13
U0233,Other,55+,USA,2023-06-15
U0234,Female,18-24,Japan,2023-12-25
U0235,Male,18-24,Thailand,2023-03-31
U0236,Female,25-34,Thailand,2023-06-23
U0237,Female,18-24,USA,2023-05-02
U0238,Female,35-44,Germany,2023-05-23
U0239,Other,55+,Thailand,2023-04-16
U0240,Other,25-34,Thailand,2023-11-01
U0241,Male,18-24,Japan,2023-12-26
U0242,Male,35-44,India,2023-11-13
U0243,Other,35-44,USA,2023-05-03
U0244,Female,18-24,USA,2023-01-09
U0245,Male,55+,Germany,2023-09-19
U0246,Other,18-24,Germany,2023-03-14
U0247,Other,25-34,USA,2023-12-25
U0248,Other,18-24,Germany,2023-08-11
U0249,Female,35-44,Japan,2023-02-10
U0250,Other,18-24,USA,2023-07-23
U0251,Other,55+,Germany,2023-09-21
U0252,Other,45-54,USA,2023-11-24
U0253,Other,18-24,India,2023-06-27
U0254,Male,55+,Thailand,2023-12-14
U0255,Male,55+,USA,2023-11-14
U0256,Other,35-44,Thailand,2023-03-25
U0257,Female,55+,Germany,2023-11-14
U0258,Male,55+,Thailand,2023-04-21
U0259,Other,55+,USA,2023-09-08
U0260,Male,55+,India,2023-01-07
U0261,Male,25-34,Germany,2023-03-25
U0262,Female,25-34,USA,2023-07-27
U0263,Other,35-44,Germany,2023-11-10
U0264,Other,18-24,Japan,2023-01-22
U0265,Female,55+,Thailand,2023-01-03
U0266,Female,18-24,Japan,2023-05-07
U0267,Other,18-24,USA,2023-10-24
U0268,Other,35-44,India,2023-07-07
U0269,Female,55+,Germany,2023-12-28
U0270,Male,55+,Thailand,2023-01-14
U0271,Male,45-54,Germany,2023-01-12
U0272,Female,18-24,USA,2023-03-28
U0273,Male,18-24,Germany,2023-01-12
U0274,Female,25-34,Thailand,2023-01-25
U0275,Male,45-54,USA,2023-10-28
U0276,Male,25-34,Germany,2023-08-31
U0277,Other,25-34,India,2023-05-02
U0278,Other,25-34,USA,2023-05-27
U0279,Male,35-44,USA,2023-02-24
U0280,Male,35-44,India,2023-08-26
U0281,Other,25-34,Japan,2023-12-22
U0282,Other,45-54,Thailand,2023-06-22
U0283,Other,18-24,Japan,2023-08-09
U0284,Female,45-54,Germany,2023-04-29
U0285,Male,55+,India,2023-11-05
U0286,Other,35-44,Japan,2023-07-02
U0287,Male,18-24,USA,2023-10-15
U0288,Female,18-24,Germany,2023-11-03
U0289,Female,55+,Germany,2023-10-27
U0290,Other,55+,Japan,2023-03-23
U0291,Female,25-34,Japan,2023-07-30
U0292,Male,35-44,India,2023-05-30
U0293,Other,35-44,Thailand,2023-02-06
U0294,Male,45-54,Japan,2023-12-18
U0295,Male,25-34,Japan,2023-11-08
U0296,Female,25-34,USA,2023-12-27
U0297,Female,25-34,Germany,2023-02-28
U0298,Female,25-34,Thailand,2023-05-11
U0299,Female,35-44,USA,2023-07-21
U0300,Female,35-44,India,2023-08-31
U0301,Other,25-34,India,2023-02-04
U0302,Male,45-54,Japan,2023-04-03
U0303,Male,18-24,Japan,2023-07-26
U0304,Male,18-24,India,2023-12-19
U0305,Male,45-54,Japan,2023-11-28
U0306,Female,25-34,Thailand,2023-11-01
U0307,Male,35-44,Japan,2023-12-16
U0308,Other,18-24,Germany,2023-08-01
U0309,Other,55+,Japan,2023-06-08
U0310,Male,55+,USA,2023-01-24
U0311,Male,45-54,Thailand,2023-10-20
U0312,Other,25-34,USA,2023-01-04
U0313,Other,18-24,USA,2023-08-08
U0314,Female,25-34,Germany,2023-12-30
U0315,Other,18-24,Thailand,2023-01-20
U0316,Female,45-54,Thailand,2023-06-01
U0317,Female,45-54,Thailand,2023-02-19
U0318,Female,55+,Thailand,2023-06-26
U0319,Female,25-34,Thailand,2023-04-06
U0320,Female,55+,Germany,2023-04-15
U0321,Male,25-34,Japan,2023-09-07
U0322,Other,55+,USA,2023-04-27
U0323,Female,35-44,Thailand,2023-12-20
U0324,Other,35-44,Japan,2023-08-16
U0325,Other,35-44,Japan,2023-03-07
U0326,Female,35-44,USA,2023-12-01
U0327,Male,18-24,Germany,2023-09-19
U0328,Female,35-44,India,2023-10-22
U0329,Male,45-54,India,2023-08-31
U0330,Other,45-54,Japan,2023-07-05
U0331,Male,18-24,USA,2023-09-03
U0332,Male,35-44,India,2023-05-05
U0333,Male,35-44,Japan,2023-09-25
U0334,Other,35-44,Germany,2023-05-11
U0335,Other,55+,India,2023-08-25
U0336,Male,25-34,Japan,2023-01-18
U0337,Male,55+,Japan,2023-02-09
U0338,Female,25-34,Thailand,2023-01-21
U0339,Male,35-44,Germany,2023-08-13
U0340,Female,35-44,Thailand,2023-12-21
U0341,Male,55+,USA,2023-10-09
U0342,Female,55+,Thailand,2023-01-08
U0343,Other,25-34,Thailand,2023-04-10
U0344,Male,45-54,India,2023-08-28
U0345,Male,25-34,Japan,2023-03-28
U0346,Male,55+,Germany,2023-10-25
U0347,Male,55+,Thailand,2023-01-14
U0348,Female,18-24,Germany,2023-11-30
U0349,Male,55+,Thailand,2023-01-02
U0350,Other,18-24,USA,2023-10-20
U0351,Other,45-54,Thailand,2023-11-21
U0352,Male,25-34,India,2023-02-10
U0353,Other,25-34,Japan,2023-11-14
U0354,Male,18-24,USA,2023-11-12
U0355,Male,25-34,Thailand,2023-04-21
U0356,Other,55+,Germany,2023-01-14
U0357,Male,35-44,USA,2023-08-19
U0358,Other,18-24,USA,2023-03-25
U0359,Female,25-34,Thailand,2023-05-10
U0360,Male,18-24,USA,2023-08-19
U0361,Female,18-24,Germany,2023-11-22
U0362,Other,35-44,USA,2023-05-25
U0363,Female,55+,Germany,2023-12-11
U0364,Female,18-24,Thailand,2023-01-28
U0365,Other,25-34,Japan,2023-03-07
U0366,Female,45-54,USA,2023-06-12
U0367,Female,18-24,Japan,2023-08-17
U0368,Other,18-24,Germany,2023-09-18
U0369,Female,35-44,USA,2023-06-13
U0370,Other,55+,India,2023-10-28
U0371,Female,45-54,Japan,2023-10-30
U0372,Other,25-34,USA,2023-10-14
U0373,Other,45-54,Japan,2023-01-10
U0374,Female,25-34,USA,2023-07-14
U0375,Female,55+,Thailand,2023-04-28
U0376,Female,25-34,Japan,2023-09-27
U0377,Male,35-44,India,2023-03-21
U0378,Male,35-44,India,2023-04-03
U0379,Male,35-44,Germany,2023-09-23
U0380,Other,35-44,USA,2023-11-28
U0381,Female,45-54,Japan,2023-12-16
U0382,Other,55+,Germany,2023-12-27
U0383,Male,25-34,Japan,2023-09-14
U0384,Female,25-34,USA,2023-05-13
U0385,Other,35-44,India,2023-10-03
U0386,Female,35-44,Thailand,2023-09-21
U0387,Other,18-24,India,2023-06-20
U0388,Female,55+,Germany,2023-01-01
U0389,Male,45-54,Thailand,2023-11-09
U0390,Male,25-34,Germany,2023-03-05
U0391,Female,18-24,USA,2023-10-11
U0392,Other,18-24,Thailand,2023-05-01
U0393,Male,25-34,Germany,2023-04-17
U0394,Male,45-54,USA,2023-06-24
U0395,Male,18-24,India,2023-07-23
U0396,Female,18-24,USA,2023-06-14
U0397,Female,55+,Japan,2023-11-01
U0398,Other,45-54,USA,2023-04-30
U0399,Other,18-24,USA,2023-02-13
U0400,Other,45-54,Japan,2023-11-08
U0401,Female,25-34,Germany,2023-06-05
U0402,Female,35-44,Germany,2023-07-26
U0403,Other,18-24,USA,2023-04-18
U0404,Other,55+,Japan,2023-09-08
U0405,Female,25-34,Japan,2023-11-30
U0406,Other,45-54,India,2023-05-10
U0407,Male,25-34,Germany,2023-10-20
U0408,Female,18-24,Thailand,2023-01-20
U0409,Other,45-54,Germany,2023-10-09
U0410,Female,35-44,Germany,2023-10-12
U0411,Male,25-34,India,2023-01-01
U0412,Female,18-24,Thailand,2023-04-29
U0413,Female,55+,India,2023-02-04
U0414,Female,45-54,Thailand,2023-07-17
U0415,Female,25-34,USA,2023-09-02
U0416,Male,25-34,Thailand,2023-02-28
U0417,Female,35-44,India,2023-11-21
U0418,Female,35-44,Germany,2023-06-10
U0419,Other,55+,Thailand,2023-06-28
U0420,Female,55+,Thailand,2023-07-25
U0421,Other,18-24,Japan,2023-01-12
U0422,Male,18-24,Germany,2023-10-03
U0423,Male,55+,USA,2023-06-30
U0424,Male,55+,India,2023-08-30
U0425,Male,45-54,USA,2023-08-04
U0426,Other,35-44,Germany,2023-09-08
U0427,Female,18-24,Thailand,2023-10-26
U0428,Male,35-44,Thailand,2023-05-06
U0429,Female,35-44,Germany,2023-08-05
U0430,Other,55+,Thailand,2023-11-02
U0431,Other,45-54,Thailand,2023-10-12
U0432,Other,25-34,Thailand,2023-07-04
U0433,Male,45-54,India,2023-02-08
U0434,Female,45-54,India,2023-08-11
U0435,Female,35-44,Japan,2023-07-03
U0436,Female,45-54,USA,2023-06-27
U0437,Other,18-24,Germany,2023-10-21
U0438,Male,35-44,Germany,2023-12-06
U0439,Other,18-24,Germany,2023-05-31
U0440,Other,25-34,Japan,2023-05-06
U0441,Female,35-44,India,2023-10-28
U0442,Other,25-34,Japan,2023-11-04
U0443,Female,35-44,Germany,2023-12-02
U0444,Male,55+,USA,2023-08-22
U0445,Female,45-54,Thailand,2023-01-08
U0446,Male,55+,India,2023-12-07
U0447,Female,25-34,India,2023-05-09
U0448,Other,45-54,Japan,2023-09-21
U0449,Other,35-44,India,2023-06-06
U0450,Male,45-54,Germany,2023-12-18
U0451,Male,18-24,Germany,2023-12-24
U0452,Male,45-54,Japan,2023-01-05
U0453,Female,18-24,Germany,2023-03-27
U0454,Female,45-54,USA,2023-06-24
U0455,Male,18-24,Japan,2023-10-17
U0456,Other,25-34,USA,2023-07-12
U0457,Female,55+,Thailand,2023-11-07
U0458,Female,35-44,USA,2023-04-29
U0459,Female,45-54,Thailand,2023-08-06
U0460,Male,55+,Thailand,2023-04-24
U0461,Male,35-44,USA,2023-05-25
U0462,Male,35-44,Japan,2023-01-26
U0463,Male,18-24,Germany,2023-05-16
U0464,Male,25-34,Germany,2023-10-30
U0465,Other,25-34,Thailand,2023-08-20
U0466,Other,55+,Thailand,2023-03-17
U0467,Male,25-34,Japan,2023-11-24
U0468,Female,45-54,India,2023-12-11
U0469,Male,25-34,USA,2023-10-29
U0470,Other,55+,Thailand,2023-10-16
U0471,Other,25-34,Germany,2023-01-01
U0472,Female,45-54,Japan,2023-05-27
U0473,Other,18-24,USA,2023-10-14
U0474,Male,55+,Japan,2023-05-22
U0475,Female,18-24,USA,2023-02-22
U0476,Male,18-24,USA,2023-10-31
U0477,Male,18-24,Thailand,2023-03-10
U0478,Female,35-44,Japan,2023-12-27
U0479,Male,35-44,Japan,2023-03-31
U0480,Other,18-24,Germany,2023-08-08
U0481,Male,55+,Germany,2023-07-11
U0482,Female,45-54,Thailand,2023-03-04
U0483,Female,45-54,Thailand,2023-03-14
U0484,Female,25-34,India,2023-06-10
U0485,Male,55+,Germany,2023-06-18
U0486,Female,35-44,USA,2023-03-30
U0487,Female,18-24,Japan,2023-06-25
U0488,Male,25-34,Thailand,2023-09-26
U0489,Other,45-54,Japan,2023-03-14
U0490,Male,35-44,Japan,2023-09-02
U0491,Female,35-44,India,2023-03-18
U0492,Female,18-24,Germany,2023-06-08
U0493,Male,45-54,Thailand,2023-11-20
U0494,Other,55+,Japan,2023-04-08
U0495,Female,35-44,Thailand,2023-04-12
U0496,Female,18-24,USA,2023-05-12
U0497,Female,55+,India,2023-04-12
U0498,Male,45-54,USA,2023-01-19
U0499,Female,35-44,Thailand,2023-03-23
U0500,Other,55+,Thailand,2023-10-06
